Municipality;Commune;NOME DA COOPERATIVA;NOME DA ALDEIA/ BAIRRO;DISTÂNCIA DA MUNICIPALIDADE EM KM;AREA (HA) DA COPERATIVA;ESTADO LEGAL;DATA DE LEGALIZAÇÃO;PESSOA DE CONTATO;POSITION NA COOPERATIVE;TELEMÓVEL;TOTAL MEMBERS;Nº DE MEMBROS FEMININOS;ATIVIDADE PRINCIPAL;OUTRAS ATIVIDADES;SUBSISTÊNCIA/COMERCIAL;CULTURAS;PRODUÇÃO/ HECTARE/ ANO; PROJECTOS ANTERIORES;COLABORAÇÕES;CAPACIDADES/ RECURSOS DISPONÍVEIS;COORDENADAS GEOGRÁFICAS;COMENTÁRIOS
Mucari;;17 DE SETEMBRO (KAHURI);CALOLO;17;50;LEGALIZADA;2024;MANUEL CARVALHO;PRESIDENTE;945899753;36;22;AGRICULTURA;S/OUTRA;COMERCIO/ SUBSITÊNCIA;MANDIOCA, FEIJÃO E MILHO;3;MOSAP;;;"9°29'20""S 16°50'59""E";
Mucari;;29 DE MAIO;ZAGE;28;237;LEGALIZADA;2018;MENDONÇA CASSANJI;PRESIDENTE;928653352;53;32;AGRICULTURA;S/OUTRA;COMERCIO/ SUBSITÊNCIA;MANDIOCA E FEIJÃO;7;MOSAP;;;"9°29'50""S 16°54'18""E";
Mucari;;AVANÇA;CAJIZA;0;;NÃO LEGALIZADA;;ANITA CASSUENDE;PRESIDENTE;930935015;;;AGRICULTURA;S/OUTRA;COMERCIO/ SUBSITÊNCIA;MANDIOCA E FEIJÃO;;MOSAP;;;"9°29'00""S 16°51'05""E";
Mucari;;BANDE YA NGOLA;BANDE;14;50;LEGALIZADA;2013;ANTÓNIO CAJINGA;PRESIDENTE;947411502;37;24;AGRICULTURA;S/OUTRA;COMERCIO/ SUBSITÊNCIA;MANDIOCA E FEIJÃO;;MOSAP;;;"9°28'40""S 16°43'12""E";
Mucari;;BULO, RL;BULO;0;205;LEGALIZADA;2022;GOMES KISSUA;CONSELHEIRO;922008504;93;54;AGRICULTURA;S/OUTRA;COMERCIO/ SUBSITÊNCIA;MANDIOCA, MILHO E FEIJÃO;4;MOSAP;;;"9°29'50""S 16°54'18""E";
Mucari;;GANDO TEMBO VELHO;GANDO TEMBO;12;;LEGALIZADA;;BERNARDO RODRIGUES;PRESIDENTE;934849360;;;AGRICULTURA;S/OUTRA;COMERCIO/ SUBSITÊNCIA;MANDIOCA, MILHO E FEIJÃO;;MOSAP;;;"9°32'56""S 17°01'19""E";
Mucari;;JOVENS UNIDOS DO BULO;BULO;10;60;LEGALIZADA;2023;MANUEL FERNANDES;PRESIDENTE;921555701;38;20;AGRICULTURA;S/OUTRA;COMERCIO/ SUBSITÊNCIA;MANDIOCA, MILHO, FEIJÃO E BATATA;5;MOSAP;CARRINHO;;"9°28'53""S 16°51'08""E";
Mucari;;KALANDA;KALANDA;18;;EM LEGALIZAÇÃO;;BERNARDO ANTÓNIO;PRESIDENTE;972295512;;;AGRICULTURA;S/OUTRA;COMERCIO/ SUBSITÊNCIA;MANDIOCA E FEIJÃO;5;MOSAP;ORANGO;;"9°33'16""S 17°03'46""E";
Mucari;;KIHINGA;KIHINGA;2;700;LEGALIZADA;2024;TITO ARMANDO;PRESIDENTE;924293516;42;29;AGRICULTURA;S/OUTRA;COMERCIO/ SUBSITÊNCIA;MANDIOCA, MILHO, FEIJÃO E BATATA;14;MOSAP;;;"9°31'48""S 16°59'57""E";
Mucari;;LANDA;LANDA;16;;NÃO LEGALIZADA;;PINTO;PRESIDENTE;927665567;;;AGRICULTURA;S/OUTRA;COMERCIO/ SUBSITÊNCIA;;;MOSAP;;;"9°24'20""S 16°41'12""E";
Mucari;;MARIMBA TEMBO, RL;MARIMBA;8;840;LEGALIZADA;2024;FERNANDO AFONSO;PRESIDENTE;935831405;;;AGRICULTURA;S/OUTRA;COMERCIO/ SUBSITÊNCIA;MANDIOCA, MILHO E FEIJÃO;35;MOSAP;;;"9°34'03""S 17°07'30""E";
Mucari;;MUQUIXI;MUQUIXI;;;EM LEGALIZAÇÃO;;ALBANO JOQUIM;CHEFE DE PRODUÇÃO;926330143;;;AGRICULTURA;S/OUTRA;COMERCIO/ SUBSITÊNCIA;;;MOSAP;;;"9°29'31""S 16°39'44""E";
Mucari;;NDALA KINGUANGUA;NDALA KINGUANGUA;16;;EM LEGALIZAÇÃO;;PEDRO QUISSANGA;CONSELHEIRO;948179592;;;AGRICULTURA;S/OUTRA;COMERCIO/ SUBSITÊNCIA;;;MOSAP;;;"9°29'02""S 16°51'04""E";
Mucari;;PANDE- CACULAMA, RL;PANDE;14;500;LEGALIZADA;2023;ANTÓNIO GRAÇA;PRESIDENTE;935528819;104;45;AGRICULTURA;TRANSFORMAÇÃO;COMERCIO/ SUBSITÊNCIA;MANDIOCA, FEIJÃO E MILHO;5;MOSAP;;;"9°22'58""S 17°03'00""E";
Mucari;;TUMA TWAKUDIA;BAMBI;18;480;LEGALIZADA;2024;ANTÓNIO GRAÇA;PRESIDENTE;937232422;40;21;AGRICULTURA;S/OUTRA;COMERCIO/ SUBSITÊNCIA;MANDIOCA, FEIJÃO E MILHO;5;MOSAP;;;"9°28'00""S 16°54'58""E";
Mucari;;ZONA VERDE;MUNHA TECA;0;300;LEGALIZADA;;DOMINGOS DEMBUE;PRESIDENTE;933594739;25;14;AGRICULTURA;S/OUTRA;COMERCIO/ SUBSITÊNCIA;MANDIOCA, MILHO, SOJA E FEIJÃO;;MOSAP;;;"9°28'51""S 16°51'48""E";
Malanje;;11 DE NOVEMBRO;DULO;1;350;LEGALIZADA;;MATEUS CABANGA;VICE -PRESIDENTE;948510446;28;16;AGRICULTURA;;COMÉRCIO/ SUBSISTÊNCIA;MANDIOCA, MILHO E FEIJÃO;;;;;"9°29'06""S 16°23'58""E";
Malanje;;ANA DULO;DULO;1;200;LEGALIZADA;;;VICE -PRESIDENTE;937618571;;;AGRICULTURA;;COMÉRCIO/ SUBSISTÊNCIA;MANDIOCA, MILHO E FEIJÃO;;;;;"9°29'06""S 16°23'58""E";
Malanje;;ANA MUFONGO;QUESSUA;3;500;LEGALIZADA;;PEDRO CAETANO;PRESIDENTE EXECUTIVO;938936160;120;90;AGRICULTURA;;COMÉRCIO;;;;;;"9°27'59.95""S 16°18'23.76""E";
Malanje;;BALUMUCA;CAMÔNGUA;0;243;LEGALIZADA;;COSTA NETO;PRESIDENTE EXECUTIVO;947922882;53;35;AGRICULTURA;;COMÉRCIO/ SUBSISTÊNCIA;;;;;;"9°29'44""S 16°30'48""E";
Malanje;;BEM VINDA;KANJIMBINZA;13;700;NÂO LEGALIZADA;;;;;;;;;;;;;;;"9°24'35""S 16°28'00""E";
Malanje;;CACORAGE;SEDE COMUNAL DE CAMBXI;15;1500;NÂO LEGALIZADA;;ANTÓNIO MATEUS;PRESIDENTE EXECUTIVO;946071710;28;12;AGRICULTURA;;COMÉRCIO;MANDIOCA, NHAME, MILHO FEIJÃO, BATATA.;;MOSAP;;;"9°25'12.00""S 16°29'27.00""E";
Malanje;;CARIANGA;CARIANGA;;100;LEGALIZADA;;MATEUS JOVETA;PRESIDENTE EXECUTIVO;941057962;50;;AGRICULTURA;;COMÉRCIO;;;;;;"9°30'53.23""S 16°14'05.93""E";
Malanje;;HOJI YA HENDA;CAMBONDO DO KUIJI;12;280;LEGALIZADA;;BEIJAMIM MIRANDA;PRESIDENTE EXECUTIVO;939337023;68;57;AGRICULTURA;;COMÉRCIO/ SUBSISTÊNCIA;;;;;;"9°39'06""S 16°23'41""E";
Malanje;;KALANGA YA KALANGA;XINDA- CAMBONDO DO KUIJI;12;10;EM LEGALIZAÇÃO;;FERNANDO GASPAR;PRESIDENTE EXECUTIVO;931550256;200;;AGRICULTURA;;COMÉRCIO/ SUBSISTÊNCIA;;;;;;"9°39'24""S 16°23'41""E";
Malanje;;MAJOR KANHANGULO;KAJIMATO;0;200;LEGALIZADA;2023;AMOZ ADEINO;PRESIDENTE EXECUTIVO;931721270;117;108;AGRICULTURA;;COMÉRCIO;;;;;;"9°28'08.61""S 16°21'05.08""E";
Malanje;;NZINGA MBANDE;CAUWE;3;150;LEGALIZADA;2012;MARCOS CABOMBO;PRESIDENTE EXECUTIVO;945148414;135;122;AGRICULTURA;;COMÉRCIO;;;;;;"9°27'50.98""S 16°18'34.58""E";
Malanje;;TWANA TUEZA;DULO;1;100;LEGALIZADA;;ANTÓNIO CAPUTO;PRESIDENTE EXECUTIVO;928246836;22;12;AGRICULTURA;;COMÉRCIO/ SUBSISTÊNCIA;MANDIOCA, MILHO E FEIJÃO;;;;;"9°29'06""S 16°23'58""E";
Malanje;;DR. ANTÓNIO AGOSTINHO NETO;QUISSOL;15;1170;LEGALIZADA;;PEDRO MORAIS;PRESIDENTE;944895328;43;20;AGRICULTURA;;COMÉRCIO/ SUBSISTÊNCIA;MANDIOCA, MILHO, FEIJÃO, TOMATE, BATATA DOCE E CEBOLA;15;;IDA;;"9°35'21.97""S 16°27'30.68""E";
Malanje;;KUDIVA I;SUNZI DE CIMA;16;500;LEGALIZADA;2016;ALBANO MNAUEL CARLOS;PRESIDENTE;939323167;241;160;AGRICULTURA;TRANSFORMAÇÃO, PECUÁRIA;COMÉRCIO/ SUBSISTÊNCIA;MILHO, FEIJÃO, MANDIOCA;100;FADA, BDA, ADRA;IDA;TRATOR, ALFAIA, CARRINHA CANTER, MOTORIZADA E ESTRUTURAS;"9°39'19.75""S 16°12'18.18""E";
Malanje;;TUINJE GONDO;TUINJE;23;500;LEGALIZADA;2021;FRANCISCO JOSÉ;PRESIDENTE;945493561;60;40;AGRICULTURA;;COMÉRCIO/ SUBSISTÊNCIA;MANDIOCA, MILHO E FEIJÃO;12;ADRA E IDA;IDA E ADMINISTRAÇÃO MUNICIPAL;;"9°38'56.44""S 16°10'06.54""E";
Malanje;;KUDIKUASSA;KAIALA;14;110;LEGALIZADA;2024;JOAQUIM GOUVEIA;PRESIDENTE;927274934;14;;AGRICULTURA;;COMÉRCIO/ SUBSISTÊNCIA;MANDIOCA, MILHO E FEIJÃO;4;;;;"9°35'35.33""S 16°26'53.07""E";
Malanje;;KUXICAMA;QUESSUA;12;16;LEGALIZADA;2015;DAVID BANGO HEBO;CHEFE DE PRODUÇÃO;933187521;23;;AGRICULTURA;APICULTURA;COMÉRCIO/ SUBSISTÊNCIA;TOMATE, REPOLHO E CEBOLA, MILHO E PIMENTO;8;;ADMINISTRAÇÃO MUNICIPAL;;"9°29'24.78""S 16°17'15.32""E";
Kalandula;;DEOLINDA RODRIGUES;ZUNDO CAMBOLO;23;250;EM LEGALIZAÇÃO;;AGOSTINHO JOÃO FOCOLA;CHEFE DE PRODUÇÃO;923277024;30;18;AGRICULTURA;S/OUTRAS;COMERCIALIZAÇÃO E SUBSISTÊNCIA;MANDIOCA, MILHO, FEIJÃO E SOJA;10;MOSAP;IDA;;"8°55'33""S 15°53'17""E";
Kalandula;;KAYELA;ZUNDO KIBOCO;39;300;EM LEGALIZAÇÃO;;FRANISCO DA CONCEIÇÇÃO;COORDENADOR;947565636;38;20;AGRICULTURA;S/OUTRAS;COMERCIALIZAÇÃO E SUBSISTÊNCIA ;MANDIOCA,MILHO,FEIJÃO;;MOSAP;IDA;;"9°03'42""S 15°40'51""E";
Kalandula;;KUDIZOLA;NGOLA KILUANJE (QUINGE);46;200;EM LEGALIZAÇÃO;;FRANCISCO QUISSANGA;SECRETARIO;921431627;46;23;AGRICULTURA;S/OUTRAS;COMERCIALIZAÇÃO E SUBSISTÊNCIA ;MANDIOCA,MILHO,FEIJÃO;;MOSAP;IDA;;"09°0'45.118""S  15°6'9.6402""E";
Kalandula;;KUFIQUISSA;BUTA;27;300;EM LEGALIZAÇÃO;;JOAO RODRIGUES;FAILITADOR;933644891;34;22;AGRICULTURA;S/OUTRAS;COMERCIALIZAÇÃO E SUBSISTÊNCIA ;MANDIOCA,MILHO,FEIJÃO;;MOSAP;IDA;;"09°9'52.192""S  16°0'41.413""E";
Kalandula;;KUKULA KUMOXI;VUTULA (CATECO CANGONLA);130;;NÃO LEGALIZADA;;ALFREDO KILUANJI;COORDENADOR;943465688;36;26;AGRICULTURA;S/OUTRAS;COMERCIALIZAÇÃO;MANDIOCA, MILHO, FEIJÃO E BATATA;;;IDA;;"08°32'31""S  15°48'44""E";
Kalandula;Cota;AMARAL;AMARAL;17;250;LEGALIZADA;44509;NELSON XICO;PRESIDENTE;934060554;40;25;AGRICULTURA;S/OUTRAS;COMERCIALIZAÇÃO;MANDIOCA,MILHO,FEIJÃO;10;MOSAP;IDA;;"9°15'59.257""S 15°56'22.264""E ";
Kalandula;Cota;BANGA WÉ;QUIMBANGO;15;250;LEGALIZADO;45032;JOÃO DAVID;PRESIDENTE;936947927;30;20;AGRICULTURA;S/OUTRAS;P/ COMERCIALIZAÇÃO;MANDIOCA, MILHO E FEIJÃO;4;MOSAP;IDA; ;"9°11'10.0""S  16°00'53""E  ";
Kalandula;Cota;CONGO DIA NZALA;MANGAJI;28;250;LEGALIZADO;43942;BONITO JOSÉ MORGADO;PRESIDENTE;923578249;26;15;AGRICULTURA;S/OUTRAS;P/ COMERCIALIZAÇÃO;MANDIOCA;6;MOSAP;IDA;;"9°9'40.935""S    16°16'6.399""E ";
Kalandula;Cota;ENGRACIA E SANTOS;QUIRIOA;24;250;LEGALIZADA;44039;SANTOS NZOJE;PRESIDENTE;925355648;76;65;AGRICULTURA;S/OUTRAS;COMERCIALIZAÇÃO E SUBSISTÊNCIA ;MANDIOCA,MILHO,FEIJÃO E BATATA RENA.;47;MOSAP;IDA;;"9°18'20.0""S 15°58'11.0""E  ";
Kalandula;Cota;HAVEMOS DE VOLTAR;CANDANGE;6;50;EM LEGALIZAÇÃO;;MIGUEL ANTONIO;FAILITADOR;942931241;20;13;AGRICULTURA;S/OUTRAS;COMERCIALIZAÇÃO E SUBSISTÊNCIA ;MANDIOCA,MILHO,FEIJÃO;;MOSAP;IDA;;"09°03'33.""S 15°55'19""E ";
Kalandula;Cota;KIBACANO I;MUFUMA;25;250;LEGALIZADA;44306;JOSE CARLOS;COORDENADOR;925898264;43;26;AGRICULTURA;S/OUTRAS;COMERCIALIZAÇÃO E SUBSISTÊNCIA ;MANDIOCA,MILHO,FEIJÃO;;MOSAP;IDA;;" 09°11'44.0""S 16°13'39.0""E  ";
Kalandula;Cota;KIZOMBA;CAPELE;30;250;LEGALIZADO;41353;AMBRIZ ANTÓNIO ;PRESIDENTE;924276565;26;13;AGRICULTURA;S/OUTRAS;P/ COMERCIALIZAÇÃO;MANDIOCA, MILHO E FEIJÃO;9;MOSAP;IDA;;"09°10'29.026""S   16°16'20.748""E";
Kalandula;Cota;KUDIELELA;ZUMBUCA;30;250;LEGALIZADO;45030;ANDRADE DALA;PRESIDENTE;922628841;19;12;AGRICULTURA;S/OUTRAS;P/ COMERCIALIZAÇÃO;MANDIOCA;7;MOSAP;IDA;;"9°10'6.952""S 16°13'7.37""E";
Kalandula;Cota;KUDIVA KOTA;DIVINA;30;250;LEGALIZADO;41387;ADOLFO JUNGO;PRESIDENTE;924020287;;;AGRICULTURA;S/OUTRAS;COMERCIALIZAÇÃO E SUBSISTÊNCIA;MANDIOCA, FEIJÃO;8;MOSAP;IDA;;"9°10'5.75""S 16°16'9.977""E";
Kalandula;Cota;KUENHA KUANGUNGU;MANUEL CUMBENAMA;14;250;LEGALIZADO;43942;SILVEIRO JOAQUIM;PRESIDENTE;927758038;46;27;AGRICULTURA;S/OUTRAS;P/ COMERCIALIZAÇÃO;MANDIOCA;20;MOSAP;IDA;;"9°11'14.0""S 15°58'20.0""E ";
Kalandula;Cota;KUSSANGULUCA;JICULA;20;250;LEGALIZADA;44060;DOMINGOS PEDRO;COORDENADOR;936133401;48;34;AGRICULTURA;S/OUTRAS;COMERCIALIZAÇÃO E SUBSISTÊNCIA ;MANDIOCA,MILHO,FEIJÃO;;MOSAP;IDA;;"09°11'33.0""S 16°13'15.0""E  ";
Kalandula;Cota;MARÇO MULHER;HELE;14;250;LEGALIZADA;44081;FRANCISCO GONSALVES;COORDENADOR;;18;14;AGRICULTURA;S/OUTRAS;COMERCIALIZAÇÃO E SUBSISTÊNCIA ;MANDIOCA,MILHO,FEIJÃO;;MOSAP;IDA;;"9°12'18.0""S 16°10'10.0""E  ";
Kalandula;Cota;MESSO A MONA;MUTUMBUA;18;250;LEGALIZADO;44845;BENJAMIM FERRAZ;PRESIDENTE;923726081;64;43;AGRICULTURA;S/OUTRAS;COMERCIALIZAÇÃO E SUBSISTÊNCIA;MANDIOCA, MILHO, FEIJÃO E ALGODÃO;50;MOSAP;IDA;;" 9°11'12""S 15°58'05""E ";
Kalandula;Cota;NGOLA RODRIGUES;NZARI;19;250;LEGALIZADA;43760;MARCOS KINGO;COORDENADOR;931395109;57;40;AGRICULTURA;S/OUTRAS;COMERCIALIZAÇÃO E SUBSISTÊNCIA ;MANDIOCA,MILHO,FEIJÃO;;MOSAP;IDA E ADRA;;"09°15'8.994""S 15°58'4.215""E ";
Kalandula;Cota;NGOMBE;NGOMBE;15;250;LEGALIZADO;44466;MARTINS GONÇALVES;PRESIDENTE DA ASSEMBLEIA;943981285;44;24;AGRICULTURA;S/OUTRAS;P/ COMERCIALIZAÇÃO;MANDIOCA;6;MOSAP;IDA;;"9°15'8.994""S  15°58'4.215""E";
Kalandula;Cota;NZINGA MBANDE;MUDIZ;3;250;LEGALIZADO;43964;MIGUEL ANTÓNIO;PRESIDENTE;933402397;65;36;AGRICULTURA;S/OUTRAS;COMERCIALIZAÇÃO E SUBSISTÊNCIA;MANDIOCA, MILHO, FEIJÃO, BATATA, GINGUBA;17;MOSAP;IDA;;"9°15'38.212""S 16°7'8.361""E";
Kalandula;Cota;PESO;PESO;14;250;LEGALIZADA;44081;PAULO PEREIRA;COORDENADOR;948892848;20;14;AGRICULTURA;S/OUTRAS;COMERCIALIZAÇÃO E SUBSISTÊNCIA ;MANDIOCA,MILHO,FEIJÃO;;MOSAP;IDA;;"9°13'03""S 16°10'29""E";
Kalandula;Cota;VALODIA;MUTUMBUA;18;250;LEGALIZADA;44062;ANTONIO FERRAZ;COORDENADOR;948929704;45;32;AGRICULTURA;S/OUTRAS;COMERCIALIZAÇÃO E SUBSISTÊNCIA ;MANDIOCA,MILHO,FEIJÃO;;MOSAP;IDA;;" 9°11'12""S 15°58'05""E ";
Cuale;;23 DE ABRIL;KILUANJE KIASSAMBA;20;300;EM LEGALIZAÇÃO;;MANUEL MUISA;COORDENADOR;927682434;34;10;AGRICULTURA;S/OUTRAS;COMERCIALIZAÇÃO E SUBSISTÊNCIA ;MANDIOCA,MILHO,FEIJÃO;;MOSAP;IDA E ADPP;;"8°9'45.67""S 16°0'08.29""E";
Cuale;;BEM DO POVO;QUIMONGO;84;210;NÃO LEGALIZADA;;ANTONIO ZUA;COORDENADOR;941070403;47;30;AGRICULTURA;S/OUTRAS;COMERCIALIZAÇÃO E SUBSISTÊNCIA ;MANDIOCA,MILHO,FEIJÃO, SOJA E JINGUBA;6;MOSAP;IDA, AMC;;"08°40'37.8""S 16°02'30.7""E";
Cuale;;CUTULULUCA;ZUZU MACOLO;90;190;EM LEGALIZAÇÃO;;CORREIA CARIJIA;FAILITADOR;;35;20;AGRICULTURA;S/OUTRAS;COMERCIALIZAÇÃO E SUBSISTÊNCIA ;MANDIOCA,MILHO,FEIJÃO;;MOSAP;IDA;;"8°39'54.0""S 16°02'43.0""E";
Cuale;;HOJI-YA-HENDA;ZAGE;98;310;EM LEGALIZAÇÃO;;FERNANDO ALBINO;COORDENADOR;;38;18;AGRICULTURA;S/OUTRAS;COMERCIALIZAÇÃO E SUBSISTÊNCIA ;MANDIOCA,MILHO,FEIJÃO;;MOSAP;IDA;;"8°35'40""S 16°01'59""E";
Cuale;;KIETO;CASSEFO;100;200;EM LEGALIZAÇÃO;;ANTONIO JOAO;COORDENADOR;;32;20;AGRICULTURA;S/OUTRAS;COMERCIALIZAÇÃO E SUBSISTÊNCIA ;MANDIOCA,MILHO,FEIJÃO;;MOSAP;IDA;;"8°35'56.41""S 16°11'43.79""E";
Cuale;;KUENDA;LUELO;100;300;EM LEGALIZAÇÃO;;ALBINO DOMINGOS;FAILITADOR;922676798;36;28;AGRICULTURA;S/OUTRAS;COMERCIALIZAÇÃO E SUBSISTÊNCIA ;MANDIOCA,MILHO,FEIJÃO;;MOSAP;IDA;;"08°35'7.54""S 16°11'06.27""E";
Cuale;;MASSUNGA;CUNGA;98;300;EM LEGALIZAÇÃO;;JOAQUIM LUAMBA;SECRETARIO;948684236;28;16;AGRICULTURA;S/OUTRAS;COMERCIALIZAÇÃO E SUBSISTÊNCIA ;MANDIOCA,MILHO,FEIJÃO;;MOSAP;IDA;;"08°35'52.38""S 16°09'40.77""E";
Cacuso;;1º DE AGOSTO, RL.;BENGUÊS;;337;LEGALIZADA;38625;DOMINGAS FRANCISCO;PRESIDENTE FISCAL;938535167;35;32;AGRICULTURA;S/OUTRAS;COMERCIO/ SUBSISTÊNCIA;MANDIOCA E BATATA DOCE;15;MOSAP;;;"9º23'23""S 15º37'49""E";
Cacuso;;24 DE MARÇO;KIPACASSA;0.5;700;LEGALIZADA;43994;PAIXÃO DIOGO FILIPE;PRESIDENTE;927693659;65;53;AGRICULTURA;COMERCIALIZAÇÃO;COMERCIO/ SUBSISTÊNCIA;MANDIOCA, INHAME, MILHO, FEIJÃO, SOJA, GINGUBA, BATATA E HORTICOLAS;45;MOSAP;PROJECTO COBATE A POBREZA;TRATOR, CHARRUA, ALFAIA, ATRELATO E GRADE, MOTOBOMBA;"9º25'13""S 15º43'13""E";
Cacuso;;FAMÍLIA BOA FÉ;CANJONJO;12;100;LEGALIZADA;2024;ANTÓNIO ZUA;SECRETÁRIO;929278892;20;9;AGRICULTURA;S/OUTRAS;COMERCIO/ SUBSISTÊNCIA;MANDIOCA, INHAME, MILHO, FEIJÃO, SOJA, GINGUBA, BATATA E HORTICOLAS;24;MOSAP;PROJECTO COBATE A POBREZA;;"9º26'53""S 15º39'59""E";
Cacuso;;FAMÍLIA UNIDA;CANJONJO;12;200;LEGALIZADA;2024;FREITA MATEUS;PRESIDENTE;937074336;51;31;AGRICULTURA;S/OUTRAS;COMERCIO/ SUBSISTÊNCIA;MANDIOCA, MILHO, FEIJÃO, SOJA, BATATA, GINGUBA E HORTICOLAS;15;MOSAP, APSA e IIA; ;MOTOBOMBA;"9º26'47""S 15º34'07""E";
Cacuso;;HOJE YA HENDA SOQUECO;NZAMBA SEQUEIRA;15;130;LEGALIZADA;45315;FRANCISCO CASSUA;PRESIDENTE;928026264;30;23;AGRICULTURA;COMERCIALIZAÇÃO;COMERCIO/ SUBSISTÊNCIA;MANDIOCA, MILHO, FEIJÃO, GINGUBA, BATATA E HORTICOLAS;10;MOSAP;PROJECTO COBATE A POBREZA;;"9º25'22""S 15º37'00""E";
Cacuso;;KUDIKWATEKESSA MATETE, RL;MATETE;0;300;LEGALIZADA;45337;CRISTÔVÃO EUZÉBIO;PRESIDENTE;922570989;66;52;AGRICULTURA;S/OUTRAS;COMERCIO/ SUBSISTÊNCIA;MANDIOCA, FEIJÃO, BATATA;15;MOSAP;;;"9º30'26""S 15º57'49""E";
Cacuso;;KUDIVA KOTA;CATECO;18;100;NÃO LEGALIZADA;;ANDRÉ V. DALA;PRESIDENTE;934108453;58;37;AGRICULTURA;S/OUTRAS;COMERCIO/ SUBSISTÊNCIA;MANDIOCA, MILHO, FEIJÃO, GINGUBA, BATATA E HORTICOLAS;5,5;MOSAP;PROJECTO COBATE A POBREZA;MOTOBOMBA;"9º25'39""S 15º43'02""E";
Cacuso;;MASSOLA TWYE WKUPHOLO, RL;MASSOLA;23;900;LEGALIZADA;42628;ANTÓNIO MANUEL;PRESIDENTE;939355956;75;50;AGRICULTURA;S/OUTRAS;COMERCIO/ SUBSISTÊNCIA;MANDIOCA, MILHO, FEIJÃO;25;MOSAP;;;"9º28'15""S 15º53'07""E";
Cacuso;;TWANA AMBUIJE;KILAMBA KIAXI;0;100;EM LEGALIZAÇÃO;;ARCANJO FERREIRA;PRESIDENTE;923789280;13;9;AGRICULTURA;S/OUTRAS;COMERCIO/ SUBSISTÊNCIA;MANDIOCA, MILHO, FEIJÃO, BATATA;4;MOSAP;;;"9º25'33""S 15º44'37""E";
Cacuso;;ZAMBA KUDIVA;CANJONJO;12;100;LEGALIZADA;45315;ANTÓNIO NGOLA;PRESIDENTE;922164040;68;47;AGRICULTURA;S/OUTRAS;COMERCIO/ SUBSISTÊNCIA;MANDIOCA, INHAME, MILHO, FEIJÃO, SOJA, GINGUBA, BATATA E HORTICOLAS;10;MOSAP;PROJECTO COBATE A POBREZA;MOTOBOMBA;"9º26'47""S 15º34'00""E";
Cacuso;Lombe;BUCO ANHIME, RL;BUCO;58;240;LEGALIZADA;2021;MANUEL A. SAIVA;PRESIDENTE;930984855;32;25;AGRICULTURA;COMERCIO E PRESTAÇÃO DE SERVIÇOS ;COMERCIALIZAÇÃO/ SUBSISTÊNCIA;MANDIOCA E FEIJÃO;10;MOSAP;GRUPO CARRINHO;;"9º12'52""S 16º12'15""E";
Cacuso;Lombe;DIOLINGA RODRIGUES;MUDILE;;200;LEGALIZADA;2024;ADÃO LUZUNZU;PRESIDENTE;941919769;24;12;AGRICULTURA;COMERCIO E PRESTAÇÃO DE SERVIÇOS ;COMERCIALIZAÇÃO/ SUBSISTÊNCIA;FEIJÃO, MILHO, MANDIOCA;;;;;"9º31'05""S 16º04'24""E";
Cacuso;Lombe;KIALA KOUSSO, PALANCA NEGRA;NGOLA MBANDE;65;100;EM LEGALIZAÇÃO;;JOAQUIM KILUANGE;PRESIDENTE EXECUTIVO;926209466;28;15;AGRICULTURA;S/OUTRAS;COMERCIALIZAÇÃO/ SUBSISTÊNCIA;MANDIOCA, MILHO E FEIJÃO;2;MOSAP, ADRA E CARRINHO;ADRA E GRUPO CARRINHO;;"9º22'22""S 16º07'33""E";
Cacuso;Lombe;KIAMBATA;CACULO KANGE;60;300;EM LEGALIZAÇÃO;;ANDRADE P. MUNDO;PRESIDENTE;930796053;28;20;AGRICULTURA;;COMERCIALIZAÇÃO/ SUBSISTÊNCIA;MANDIOCA, FEIJÃO E MILHO;10;MOSAP;ADRA E GRUPO CARRINHO;;"9º21'05""S 16º10'54""E";
Cacuso;Lombe;KILAMBA KIAXI;KAMITUTU;58;100;LEGALIZADA;2024;DOMINGOS MIGUEL;PRESIDENTE DA ASSEMBLEIA;927217761;34;17;AGRICULTURA;S/OUTRAS;COMERCIALIZAÇÃO/ SUBSISTÊNCIA;MANDIOCA E FEIJÃO;1;;GRUPO CARRINHO;;"9º25'00""S 16º07'27""E";
Cacuso;Lombe;KINGAMBOTE;KICANDA;;ÁREA NÃO DEFINIDA;NÃO LEGALIZADA;;ROSA CABONDO;PRESIDENTE;938001050;30;30;AGRICULTURA;COMERCIO E PRESTAÇÃO DE SERVIÇOS ;COMERCIALIZAÇÃO/ SUBSISTÊNCIA;MADIOCA E FEIJÃO;;;;;"9º30'55""S 16º05'01""E";
Cacuso;Lombe;KITUAKANE, RL;LIMA;62;173;LEGALIZADA;2024;ANDRADE VUNGE;PRESIDENTE DA ASSEMBLEIA;935914715;44;23;AGRICULTURA;S/OUTRAS;COMERCIALIZAÇÃO/ SUBSISTÊNCIA;MILHO E FEIJÃO;5;ADRA;ADRA E GRUPO CARRINHO;;"9º17'45""S 16º10'17""E";
Cacuso;Lombe;KITUAKIFIQUILE-PH, RL;CACULO KANGE;73;250;LEGALIZADA;2020;ANDRADE HEBO;PRESIDENTE EXECUTIVO;925043111;19;10;AGRICULTURA;;COMERCIALIZAÇÃO/ SUBSISTÊNCIA;MANDIOCA E FEIJÃO;70;MOSAP ;ADRA E GRUPO CARRINHO;;"9º21'05""S 16º10'54""E";
Cacuso;Lombe;KUDIKUATEQUESSA, RL;KIKUKA;62;500;LEGALIZADA;2022;ERNESTO JOAQUIM;PRESIDENTE;930736423;100;60;AGRICULTURA;PRESTAÇÃO DE SERVIÇOS E TRANSFORMAÇÃO;COMERCIALIZAÇÃO/ SUBSISTÊNCIA;MANDIOCA, MILHO E FEIJÃO;30;MOSAP E GRUPO CARRINHO;GRUPO CARRINHO;;"9º23'42""S 16º10'54""E";
Cacuso;Lombe;KUQUINGUINLA, RL;MAKALA LOMBE;58;70;LEGALIZADA;2023;JOAQUIM FERNANDO;PRESIDENTE EXECUTIVO;940595993;68;28;AGRICULTURA;;COMERCIALIZAÇÃO/ SUBSISTÊNCIA;MANDIOCA, MILHO E FEIJÃO;9;;;;"9º24'56""S 16º08'02""E";
Cacuso;Lombe;KUSSUINA, RL;QUIZANGA;65;150;LEGALIZADA;2024;ANTÓNIO DALA;PRESIDENTE;925225136;26;14;AGRICULTURA;COMERCIO E PRESTAÇÃO DE SERVIÇOS ;COMERCIALIZAÇÃO/ SUBSISTÊNCIA;MANDIOCA E FEIJÃO;15;MOSAP, ADRA, ADPP;GRUPO CARRINHO;;"9º20'41""S 16º07'06""E";
Cacuso;Lombe;LIVRE ZAGE, RL;ZAGE;60;100;LEGALIZADA;2022;MARIO SONA;PRESIDENTE;941063759;52;43;AGRICULTURA;S/OUTRAS;COMERCIALIZAÇÃO/ SUBSISTÊNCIA;MANDIOCA E MILHO;15;MOSAP E GRUPO CARRINHO;GRUPO CARRINHO;;"9º28'11""S 16º11'14""E";
Cacuso;Lombe;MASSUNGA;KICANDA;42;ÁREA NÃO DEFINIDA;NÃO LEGALIZADA;;LOURENÇO BONDO;PRESIDENTE;934152634;15;;AGRICULTURA;COMERCIO E PRESTAÇÃO DE SERVIÇOS ;COMERCIALIZAÇÃO/ SUBSISTÊNCIA;MANDIOCA E GINGUBA E BATATA DOCE;50;CARINHO;EDA;;"9º30'55""S 16º05'01""E";
Cacuso;Lombe;REVOLUÇÃO DE OUTUBRO, RL;CAMBUNGE;51;150;LEGALIZADA;2023;HONÓRIO D. MUANGO;PRESIDENTE;947146823;47;36;AGRICULTURA;COMERCIO E PRESTAÇÃO DE SERVIÇOS ;COMERCIALIZAÇÃO/ SUBSISTÊNCIA;MANDIOCA, FEIJÃO E GINGUBA;16;MOSAP;;;"9º28'19""S 16º08'55""E";
Cacuso;Lombe;TUKOLE MENE, RL;BANGO CAXINDE;52;300;LEGALIZADA;2024;ARMINDO F. DENGUE;PRESIDENTE;926704245;54;48;AGRICULTURA;COMERCIO E PRESTAÇÃO DE SERVIÇOS ;COMERCIALIZAÇÃO/ SUBSISTÊNCIA;MANDIOCA, MILHO E FEIJÃO;10;MOSAP E ADRA;GRUPO CARRINHO;;"9º30'06""S 16º07'46""E";
Cacuso;Lombe;TUYENO, RL;MANGUINJU;69;200;EM LEGALIZAÇÃO;;ALBINO GARCIA BAIÃO;PRESIDENTE;938059359;23;11;AGRICULTURA;COMERCIO E PRESTAÇÃO DE SERVIÇOS ;COMERCIALIZAÇÃO/ SUBSISTÊNCIA;MANDIOCA, FEIJÃO, GINGUBA E MILHO;5;ADRA;ADRA;;"9º17'56""S 16º10'56""E";
Cacuso;Lombe;UFULU;VUNDA KALUNGA;;269;LEGALIZADA;2022;MANUEL ANTÓNIO;SECRETÁRIO;943293336;30;;;;;;;;;;"9º19'07""S 16º06'35""E";
CACUSO;;14 DE ABRIL;CATUTA DE CIMA;;750;LEGALIZADA;43138;DOMINGOS ANTÓNIO;PRESIDENTE;937074336;;;AGRICULTURA;S/OUTRAS;;;;;;;;
Cacuso;Lombe;AVANTE NA PRODUÇÃO;BANGO CAXINGA;;350;LEGALIZADA;;;;;;;AGRICULTURA;;;;;;;;;
Kalandula;Cota;BUNGULO BANDULA;BUNGULO;;250;LEGALIZADA;2020;;;;;;AGRICULTURA;;;;;;;;;
CACUSO;;LUTETE CANJONJO;CANJONJO;12;102;LEGALIZADA;45491;;;;;;AGRICULTURA;S/OUTRAS;;;;;;;;
Kalandula;Cota;NGOLA MBANDE;NHANGA CAJIZA;;200;LEGALIZADA;2021;;;;;;AGRICULTURA;;;;;;;;;
CACUSO;;TOMASSOLA MU ANGOLA;CAMBADE;;250;LEGALIZADA;45071;DOMINGOS ANTÓNIO;PRESIDENTE;;;;AGRICULTURA;S/OUTRAS;;;;;;;;
Kalandula;Cota;XINGANEKA;XINGANECA;;513;LEGALIZADA;2023;;;;;;AGRICULTURA;;;;;;;;;
Cangandala;;GARCIA NETO;CLEMENTE;6;100;LEGALIZADA;2020;DOMINGOS CANDEIA;VICE PRESIDENTE;921812615;;;AGRICULTURA;S/OUTRA;COMERCIO/ SUBSITÊNCIA;MANDIOCA, FEIJÃO, SOJA, MILHO, INHAME E JINGUBA;SEM INFORMAÇÃO;MOSAP;;;"9º47'07""S 16º25'50""E";
Cangandala;;CARDOSO INVITA;CARDOSO INVITA;2;40;EM LEGALIZAÇÃO;;JOSÉ MANANÇA;PRESIDENTE;927559117;;;AGRICULTURA;S/OUTRA;COMERCIO/ SUBSITÊNCIA;MANDIOCA, FEIJÃO, SOJA E MILHO;SEM INFORMAÇÃO;MOSAP;;;"9º46'00""S 16º25'40""E";
Cangandala;;EX MILITARES;BEGE;2;12;LEGALIZADA;2022;MARCOS SOLA;PRESIDENTE;946208769;;;AGRICULTURA;S/OUTRA;COMERCIO/ SUBSITÊNCIA;MANDIOCA, FEIJÃO, SOJA, MILHO, INHAME E JINGUBA;4;MOSAP;;;"9º47'57""S 16º24'37""E";
Cangandala;;KIPACASSA ISSUNGUE;KIPACASSA;2;63;LEGALIZADA;2021;CRISTO MAGALHÃES;VICE PRESIDENTE;935571387;;;AGRICULTURA;S/OUTRA;COMERCIO/ SUBSITÊNCIA;MANDIOCA, FEIJÃO, SOJA, MILHO, INHAME E JINGUBA;SEM INFORMAÇÃO;MOSAP;;;"9º45'40""S 16º26'53""E";
Cangandala;;AGROPECUÁRIA DE BEGE;BEGE;2;60;LEGALIZADA;2024;ANGELINO BAMBE;PRESIDENTE;972277844;;;AGRICULTURA;S/OUTRA;COMERCIO/ SUBSITÊNCIA;MANDIOCA, FEIJÃO, SOJA, MILHO, INHAME E JINGUBA;SEM INFORMAÇÃO;MOSAP;;;"9º45'38""S 16º26'51""E";
Cangandala;;JACAS AGROPECUÁRIA;BUMBA;19;250;LEGALIZADA;2021;CONCEIÇÃO SIMÕES;PRESIDENTE;923783843;;;AGRICULTURA;S/OUTRA;COMERCIO/ SUBSITÊNCIA;MANDIOCA, FEIJÃO, SOJA, MILHO, INHAME E JINGUBA;6;MOSAP;;;"9º50'41""S 16º40'24""E";
Cangandala;;UMBECA;SANGO;0;30;LEGALIZADA;2023;JOÃO DA GRAÇA ;PRESIDENTE;949911315;;;AGRICULTURA;S/OUTRA;COMERCIO/ SUBSITÊNCIA;MANDIOCA, FEIJÃO, SOJA, MILHO, INHAME E JINGUBA;SEM INFORMAÇÃO;MOSAP;;;"9º44'12""S 16º34'41""E";
Cangandala;;KUDIKWATEQUESSA BANZE DO SATE;QUISSONDE;8;190;LEGALIZADA;2022;JACINTO MANUEL;COORDENADOR;927022052;;;AGRICULTURA;S/OUTRA;COMERCIO/ SUBSITÊNCIA;MANDIOCA, FEIJÃO, SOJA, MILHO, INHAME E JINGUBA;SEM INFORMAÇÃO;MOSAP;;;"9º44'04""S 16º24'40""E";
Cangandala;;BANGO MICESSA;BANGO MICESSA;0;23;EM LEGALIZAÇÃO;;AGOSTINHO VIEGAS;COORDENADOR;940398302;;;AGRICULTURA;S/OUTRA;COMERCIO/ SUBSITÊNCIA;MANDIOCA, FEIJÃO, SOJA, MILHO, INHAME E JINGUBA;SEM INFORMAÇÃO;MOSAP;;;"9º46'00""S 16º25'40""E";
Cangandala;;EDUARDO DOS SANTOS;CAMANA;8;23;NÃO LEGALIZADA;;AGOSTINHO CUNGA;PRESIDENTE;939674819;;;AGRICULTURA;S/OUTRA;COMERCIO/ SUBSITÊNCIA;MANDIOCA, FEIJÃO, SOJA, MILHO, INHAME E JINGUBA;SEM INFORMAÇÃO;MOSAP;;;"9º44'10""S 16º24'38""E";
Cangandala;;ANGOLA E CUBA;KISSAMBA;0;150;LEGALIZADA;2022;LUÍS PAULO;PRESIDENTE;941587287;;;AGRICULTURA;S/OUTRA;COMERCIO/ SUBSITÊNCIA;MANDIOCA, FEIJÃO, SOJA, MILHO, INHAME E JINGUBA;;MOSAP;;;"9º46'00""S 16º25'40""E";
Cangandala;;NGUNZO YETO;SACA;2;60;EM LEGALIZAÇÃO;2021;PAPUSSECO CANJUNGO;COORDENADOR;938967069;;;AGRICULTURA;S/OUTRA;COMERCIO/ SUBSITÊNCIA;MANDIOCA, FEIJÃO, SOJA, MILHO, INHAME E JINGUBA;SEM INFORMAÇÃO;MOSAP;;;"9º47'53""S 16º25'04""E";
Cangandala;;KUDIKWATEQUESSA;BANZA DO SATE;3;20;LEGALIZADA;2022;PAULO ;COORDENADOR;926740675;;;AGRICULTURA;S/OUTRA;COMERCIO/ SUBSITÊNCIA;MANDIOCA, FEIJÃO, SOJA, MILHO, INHAME E JINGUBA;SEM INFORMAÇÃO;MOSAP;;;"9º45'06""S 16º24'58""E";
Cangandala;;AMÉRICO BOA VIDA;BILA;19;150;LEGALIZADA;2023;JOSÉ FRANCISCO;PRESIDENTE;949462085;;;AGRICULTURA;S/OUTRA;COMERCIO/ SUBSITÊNCIA;MANDIOCA, FEIJÃO, SOJA, MILHO, INHAME E JINGUBA;SEM INFORMAÇÃO;MOSAP;;;"9º50'41""S 16º40'24""E";
Cangandala;;AGROPECUÁRIA BETA;SONGUA;72;1000;LEGALIZADA;2023;JOÃO DOMINGOS BETA;PRESIDENTE;922761610;42;15;AGRICULTURA;COMERCIO;COMERCIO/ SUBSITÊNCIA;ARROZ, BANANA, MANDIOCA, FEIJÃO, SOJA, MILHO, BATATA E GINGUBA;SEM INFORMAÇÃO;MOSAP;;;"9º52'49""S 16º59'37""E";
Cangandala;;BEMBO;BEMBO;85;725;LEGALIZADA;2023;MATEUS JACINTO;COORDENADOR;;68;;AGRICULTURA;COMERCIO;COMERCIO/ SUBSITÊNCIA;MANDIOCA, FEIJÃO, SOJA, MILHO, INHAME E JINGUBA;SEM INFORMAÇÃO;MOSAP;;;"10º14'21""S 16º54'30""E";
Cangandala;;CULA MAGIA;CULA MAGIA;75;38;LEGALIZADA;2022;JOÃO PAULO MATEUS;MEMBRO;;61;;AGRICULTURA;S/OUTRA;COMERCIO/ SUBSITÊNCIA;MANDIOCA, FEIJÃO, SOJA, MILHO, INHAME E JINGUBA;SEM INFORMAÇÃO;MOSAP;;;"9º42'05""S 16º40'38""E";
Cangandala;;FUTURO JOVEM;BANANEIRAS;12;589;LEGALIZADA;2020;AMBRÓSIO GINGA;PRESIDENTE EXECUTIVO;923700942;28;8;AGRICULTURA;TRANSFORMAÇÃO;COMÉRCIO;MANDIOCA, MILHO, FEIJÃO, TOMATE, REPOLHO;10;FADA;COMBATE A POBREZA;VIATURA, FORNOS;"9°32'46""S 16°21'35""E";
Cangandala;;CUKI AGROPECUÁRIA;CUQUI;72;43;LEGALIZADA;2023;PEDRO;MEMBRO;;;;AGRICULTURA;S/OUTRA;COMERCIO/ SUBSITÊNCIA;MANDIOCA, FEIJÃO, SOJA, MILHO, INHAME E JINGUBA;SEM INFORMAÇÃO;MOSAP;;;"9º48'43""S 16º54'25""E";
